id,status,frames,data
ilyra-voss/unarmed/idle,exported-review-pending,12,exports/ilyra-voss/unarmed/idle/animation.json
ilyra-voss/unarmed/run,motion-reviewed,12,exports/ilyra-voss/unarmed/run/animation.json
ilyra-voss/unarmed/jump,generated-motion-review-required,12,exports/ilyra-voss/unarmed/jump/animation.json
ilyra-voss/unarmed/fall,generated-motion-review-required,12,exports/ilyra-voss/unarmed/fall/animation.json
ilyra-voss/unarmed/land,generated-motion-review-required,12,exports/ilyra-voss/unarmed/land/animation.json
ilyra-voss/unarmed/opener,generated-motion-review-required,12,exports/ilyra-voss/unarmed/opener/animation.json
ilyra-voss/unarmed/launcher,generated-motion-review-required,12,exports/ilyra-voss/unarmed/launcher/animation.json
ilyra-voss/unarmed/aerial,generated-motion-review-required,12,exports/ilyra-voss/unarmed/aerial/animation.json
ilyra-voss/unarmed/finisher,generated-motion-review-required,16,exports/ilyra-voss/unarmed/finisher/animation.json
ilyra-voss/unarmed/shield,generated-motion-review-required,12,exports/ilyra-voss/unarmed/shield/animation.json
ilyra-voss/unarmed/dodge,generated-motion-review-required,16,exports/ilyra-voss/unarmed/dodge/animation.json
ilyra-voss/unarmed/grab,generated-motion-review-required,12,exports/ilyra-voss/unarmed/grab/animation.json
ilyra-voss/unarmed/throw_forward,generated-motion-review-required,12,exports/ilyra-voss/unarmed/throw_forward/animation.json
ilyra-voss/unarmed/tactical,corrected-release-continuity-review-pending,16,exports/ilyra-voss/unarmed/tactical/animation.json
ilyra-voss/unarmed/ultimate,generated-motion-review-required,16,exports/ilyra-voss/unarmed/ultimate/animation.json
ilyra-voss/unarmed/walk,motion-reviewed,12,exports/ilyra-voss/unarmed/walk/animation.json
ilyra-voss/unarmed/dash,generated-motion-review-required,12,exports/ilyra-voss/unarmed/dash/animation.json
ilyra-voss/unarmed/brake,generated-motion-review-required,12,exports/ilyra-voss/unarmed/brake/animation.json
ilyra-voss/unarmed/double_jump,generated-motion-review-required,12,exports/ilyra-voss/unarmed/double_jump/animation.json
ilyra-voss/unarmed/fast_fall,generated-motion-review-required,12,exports/ilyra-voss/unarmed/fast_fall/animation.json
ilyra-voss/unarmed/air_dodge,generated-motion-review-required,12,exports/ilyra-voss/unarmed/air_dodge/animation.json
ilyra-voss/unarmed/recovery,generated-motion-review-required,16,exports/ilyra-voss/unarmed/recovery/animation.json
ilyra-voss/unarmed/wall_cling,generated-motion-review-required,12,exports/ilyra-voss/unarmed/wall_cling/animation.json
ilyra-voss/unarmed/ledge_hang,grip-registered-motion-review-pending,12,exports/ilyra-voss/unarmed/ledge_hang/animation.json
ilyra-voss/unarmed/ledge_climb,generated-motion-review-required,16,exports/ilyra-voss/unarmed/ledge_climb/animation.json
ilyra-voss/unarmed/hurt,generated-motion-review-required,12,exports/ilyra-voss/unarmed/hurt/animation.json
ilyra-voss/unarmed/tumble,motion-reviewed,12,exports/ilyra-voss/unarmed/tumble/animation.json
ilyra-voss/unarmed/get_up,generated-motion-review-required,12,exports/ilyra-voss/unarmed/get_up/animation.json
ilyra-voss/unarmed/ko,generated-motion-review-required,16,exports/ilyra-voss/unarmed/ko/animation.json
ilyra-voss/unarmed/respawn,generated-motion-review-required,12,exports/ilyra-voss/unarmed/respawn/animation.json
ilyra-voss/unarmed/victory,generated-motion-review-required,12,exports/ilyra-voss/unarmed/victory/animation.json
ilyra-voss/unarmed/neutral_air,generated-motion-review-required,12,exports/ilyra-voss/unarmed/neutral_air/animation.json
ilyra-voss/unarmed/back_air,generated-motion-review-required,12,exports/ilyra-voss/unarmed/back_air/animation.json
ilyra-voss/unarmed/up_air,generated-motion-review-required,12,exports/ilyra-voss/unarmed/up_air/animation.json
ilyra-voss/unarmed/down_air,generated-motion-review-required,12,exports/ilyra-voss/unarmed/down_air/animation.json
ilyra-voss/unarmed/up_smash,generated-motion-review-required,16,exports/ilyra-voss/unarmed/up_smash/animation.json
ilyra-voss/unarmed/down_smash,generated-motion-review-required,16,exports/ilyra-voss/unarmed/down_smash/animation.json
ilyra-voss/unarmed/throw_back,generated-motion-review-required,12,exports/ilyra-voss/unarmed/throw_back/animation.json
ilyra-voss/unarmed/throw_up,generated-motion-review-required,12,exports/ilyra-voss/unarmed/throw_up/animation.json
ilyra-voss/unarmed/throw_down,generated-motion-review-required,12,exports/ilyra-voss/unarmed/throw_down/animation.json
ilyra-voss/unarmed/cast_forward,generated-motion-review-required,12,exports/ilyra-voss/unarmed/cast_forward/animation.json
ilyra-voss/unarmed/cast_up,generated-motion-review-required,12,exports/ilyra-voss/unarmed/cast_up/animation.json
ilyra-voss/unarmed/cast_down,generated-motion-review-required,12,exports/ilyra-voss/unarmed/cast_down/animation.json
ilyra-voss/unarmed/cast_diagonal_up,generated-motion-review-required,12,exports/ilyra-voss/unarmed/cast_diagonal_up/animation.json
ilyra-voss/unarmed/cast_diagonal_down,generated-motion-review-required,12,exports/ilyra-voss/unarmed/cast_diagonal_down/animation.json
ilyra-voss/unarmed/pickup,generated-motion-review-required,12,exports/ilyra-voss/unarmed/pickup/animation.json
ilyra-voss/unarmed/taunt,generated-motion-review-required,12,exports/ilyra-voss/unarmed/taunt/animation.json
ilyra-voss/unarmed/idle_ready,generated-motion-review-required,12,exports/ilyra-voss/unarmed/idle_ready/animation.json
ilyra-voss/unarmed/duck,exported-review-pending,12,exports/ilyra-voss/unarmed/duck/animation.json
ilyra-voss/unarmed/crouch_idle,corrected-from-duck-end-pose,12,exports/ilyra-voss/unarmed/crouch_idle/animation.json
ilyra-voss/unarmed/crouch_walk,generated-motion-review-required,12,exports/ilyra-voss/unarmed/crouch_walk/animation.json
ilyra-voss/unarmed/hurt_crouch,generated-motion-review-required,12,exports/ilyra-voss/unarmed/hurt_crouch/animation.json
ilyra-voss/unarmed/hurt_air,generated-motion-review-required,12,exports/ilyra-voss/unarmed/hurt_air/animation.json
ilyra-voss/unarmed/hurt_back,generated-motion-review-required,12,exports/ilyra-voss/unarmed/hurt_back/animation.json
ilyra-voss/unarmed/shield_hit,generated-motion-review-required,12,exports/ilyra-voss/unarmed/shield_hit/animation.json
ilyra-voss/unarmed/shield_break,generated-motion-review-required,12,exports/ilyra-voss/unarmed/shield_break/animation.json
ilyra-voss/unarmed/stun,generated-motion-review-required,12,exports/ilyra-voss/unarmed/stun/animation.json
ilyra-voss/unarmed/frozen,generated-motion-review-required,12,exports/ilyra-voss/unarmed/frozen/animation.json
ilyra-voss/unarmed/burning,generated-motion-review-required,12,exports/ilyra-voss/unarmed/burning/animation.json
ilyra-voss/unarmed/grabbed,generated-motion-review-required,12,exports/ilyra-voss/unarmed/grabbed/animation.json
ilyra-voss/unarmed/ledge_release,generated-motion-review-required,12,exports/ilyra-voss/unarmed/ledge_release/animation.json
ilyra-voss/unarmed/defeat,generated-motion-review-required,12,exports/ilyra-voss/unarmed/defeat/animation.json
ilyra-voss/unarmed/stand_up,generated-motion-review-required,12,exports/ilyra-voss/unarmed/stand_up/animation.json
ilyra-voss/armed/idle,generated-motion-review-required,12,exports/ilyra-voss/armed/idle/animation.json
ilyra-voss/armed/run,motion-reviewed,12,exports/ilyra-voss/armed/run/animation.json
ilyra-voss/armed/jump,generated-motion-review-required,12,exports/ilyra-voss/armed/jump/animation.json
ilyra-voss/armed/fall,generated-motion-review-required,12,exports/ilyra-voss/armed/fall/animation.json
ilyra-voss/armed/land,generated-motion-review-required,12,exports/ilyra-voss/armed/land/animation.json
ilyra-voss/armed/opener,generated-motion-review-required,12,exports/ilyra-voss/armed/opener/animation.json
ilyra-voss/armed/launcher,generated-motion-review-required,12,exports/ilyra-voss/armed/launcher/animation.json
ilyra-voss/armed/aerial,generated-motion-review-required,12,exports/ilyra-voss/armed/aerial/animation.json
ilyra-voss/armed/finisher,generated-motion-review-required,16,exports/ilyra-voss/armed/finisher/animation.json
ilyra-voss/armed/shield,generated-motion-review-required,12,exports/ilyra-voss/armed/shield/animation.json
ilyra-voss/armed/dodge,generated-motion-review-required,16,exports/ilyra-voss/armed/dodge/animation.json
ilyra-voss/armed/grab,generated-motion-review-required,12,exports/ilyra-voss/armed/grab/animation.json
ilyra-voss/armed/throw_forward,motion-reviewed,12,exports/ilyra-voss/armed/throw_forward/animation.json
ilyra-voss/armed/tactical,motion-reviewed,12,exports/ilyra-voss/armed/tactical/animation.json
ilyra-voss/armed/ultimate,motion-reviewed,12,exports/ilyra-voss/armed/ultimate/animation.json
ilyra-voss/armed/walk,motion-reviewed,12,exports/ilyra-voss/armed/walk/animation.json
ilyra-voss/armed/dash,generated-motion-review-required,12,exports/ilyra-voss/armed/dash/animation.json
ilyra-voss/armed/brake,generated-motion-review-required,12,exports/ilyra-voss/armed/brake/animation.json
ilyra-voss/armed/double_jump,generated-motion-review-required,12,exports/ilyra-voss/armed/double_jump/animation.json
ilyra-voss/armed/fast_fall,generated-motion-review-required,12,exports/ilyra-voss/armed/fast_fall/animation.json
ilyra-voss/armed/air_dodge,generated-motion-review-required,12,exports/ilyra-voss/armed/air_dodge/animation.json
ilyra-voss/armed/recovery,generated-motion-review-required,16,exports/ilyra-voss/armed/recovery/animation.json
ilyra-voss/armed/wall_cling,generated-motion-review-required,12,exports/ilyra-voss/armed/wall_cling/animation.json
ilyra-voss/armed/ledge_hang,grip-registered-motion-review-pending,12,exports/ilyra-voss/armed/ledge_hang/animation.json
ilyra-voss/armed/ledge_climb,generated-motion-review-required,16,exports/ilyra-voss/armed/ledge_climb/animation.json
ilyra-voss/armed/hurt,generated-motion-review-required,12,exports/ilyra-voss/armed/hurt/animation.json
ilyra-voss/armed/tumble,motion-reviewed,12,exports/ilyra-voss/armed/tumble/animation.json
ilyra-voss/armed/get_up,generated-motion-review-required,12,exports/ilyra-voss/armed/get_up/animation.json
ilyra-voss/armed/ko,generated-motion-review-required,16,exports/ilyra-voss/armed/ko/animation.json
ilyra-voss/armed/respawn,generated-motion-review-required,12,exports/ilyra-voss/armed/respawn/animation.json
ilyra-voss/armed/victory,generated-motion-review-required,12,exports/ilyra-voss/armed/victory/animation.json
ilyra-voss/armed/neutral_air,generated-motion-review-required,12,exports/ilyra-voss/armed/neutral_air/animation.json
ilyra-voss/armed/back_air,generated-motion-review-required,12,exports/ilyra-voss/armed/back_air/animation.json
ilyra-voss/armed/up_air,generated-motion-review-required,12,exports/ilyra-voss/armed/up_air/animation.json
ilyra-voss/armed/down_air,generated-motion-review-required,12,exports/ilyra-voss/armed/down_air/animation.json
ilyra-voss/armed/up_smash,motion-reviewed,12,exports/ilyra-voss/armed/up_smash/animation.json
ilyra-voss/armed/down_smash,generated-motion-review-required,16,exports/ilyra-voss/armed/down_smash/animation.json
ilyra-voss/armed/throw_back,generated-motion-review-required,12,exports/ilyra-voss/armed/throw_back/animation.json
ilyra-voss/armed/throw_up,generated-motion-review-required,12,exports/ilyra-voss/armed/throw_up/animation.json
ilyra-voss/armed/throw_down,generated-motion-review-required,12,exports/ilyra-voss/armed/throw_down/animation.json
ilyra-voss/armed/cast_forward,generated-motion-review-required,12,exports/ilyra-voss/armed/cast_forward/animation.json
ilyra-voss/armed/cast_up,generated-motion-review-required,12,exports/ilyra-voss/armed/cast_up/animation.json
ilyra-voss/armed/cast_down,generated-motion-review-required,12,exports/ilyra-voss/armed/cast_down/animation.json
ilyra-voss/armed/cast_diagonal_up,generated-motion-review-required,12,exports/ilyra-voss/armed/cast_diagonal_up/animation.json
ilyra-voss/armed/cast_diagonal_down,generated-motion-review-required,12,exports/ilyra-voss/armed/cast_diagonal_down/animation.json
ilyra-voss/armed/pickup,generated-motion-review-required,12,exports/ilyra-voss/armed/pickup/animation.json
ilyra-voss/armed/taunt,generated-motion-review-required,12,exports/ilyra-voss/armed/taunt/animation.json
ilyra-voss/armed/idle_ready,generated-motion-review-required,12,exports/ilyra-voss/armed/idle_ready/animation.json
ilyra-voss/armed/duck,generated-motion-review-required,12,exports/ilyra-voss/armed/duck/animation.json
ilyra-voss/armed/crouch_idle,generated-motion-review-required,12,exports/ilyra-voss/armed/crouch_idle/animation.json
ilyra-voss/armed/crouch_walk,generated-motion-review-required,12,exports/ilyra-voss/armed/crouch_walk/animation.json
ilyra-voss/armed/hurt_crouch,generated-motion-review-required,12,exports/ilyra-voss/armed/hurt_crouch/animation.json
ilyra-voss/armed/hurt_air,generated-motion-review-required,12,exports/ilyra-voss/armed/hurt_air/animation.json
ilyra-voss/armed/hurt_back,generated-motion-review-required,12,exports/ilyra-voss/armed/hurt_back/animation.json
ilyra-voss/armed/shield_hit,generated-motion-review-required,12,exports/ilyra-voss/armed/shield_hit/animation.json
ilyra-voss/armed/shield_break,generated-motion-review-required,12,exports/ilyra-voss/armed/shield_break/animation.json
ilyra-voss/armed/stun,generated-motion-review-required,12,exports/ilyra-voss/armed/stun/animation.json
ilyra-voss/armed/frozen,generated-motion-review-required,12,exports/ilyra-voss/armed/frozen/animation.json
ilyra-voss/armed/burning,generated-motion-review-required,12,exports/ilyra-voss/armed/burning/animation.json
ilyra-voss/armed/grabbed,generated-motion-review-required,12,exports/ilyra-voss/armed/grabbed/animation.json
ilyra-voss/armed/ledge_release,generated-motion-review-required,12,exports/ilyra-voss/armed/ledge_release/animation.json
ilyra-voss/armed/defeat,generated-motion-review-required,12,exports/ilyra-voss/armed/defeat/animation.json
ilyra-voss/armed/stand_up,generated-motion-review-required,12,exports/ilyra-voss/armed/stand_up/animation.json
brann-rook/unarmed/idle,generated-motion-review-required,12,exports/brann-rook/unarmed/idle/animation.json
brann-rook/unarmed/run,generated-motion-review-required,12,exports/brann-rook/unarmed/run/animation.json
brann-rook/unarmed/jump,generated-motion-review-required,12,exports/brann-rook/unarmed/jump/animation.json
brann-rook/unarmed/fall,generated-motion-review-required,12,exports/brann-rook/unarmed/fall/animation.json
brann-rook/unarmed/land,generated-motion-review-required,12,exports/brann-rook/unarmed/land/animation.json
brann-rook/unarmed/opener,generated-motion-review-required,12,exports/brann-rook/unarmed/opener/animation.json
brann-rook/unarmed/launcher,generated-motion-review-required,12,exports/brann-rook/unarmed/launcher/animation.json
brann-rook/unarmed/aerial,generated-motion-review-required,12,exports/brann-rook/unarmed/aerial/animation.json
brann-rook/unarmed/finisher,generated-motion-review-required,12,exports/brann-rook/unarmed/finisher/animation.json
brann-rook/unarmed/shield,generated-motion-review-required,12,exports/brann-rook/unarmed/shield/animation.json
brann-rook/unarmed/dodge,generated-motion-review-required,12,exports/brann-rook/unarmed/dodge/animation.json
brann-rook/unarmed/grab,generated-motion-review-required,12,exports/brann-rook/unarmed/grab/animation.json
brann-rook/unarmed/throw_forward,generated-motion-review-required,12,exports/brann-rook/unarmed/throw_forward/animation.json
brann-rook/unarmed/tactical,generated-motion-review-required,12,exports/brann-rook/unarmed/tactical/animation.json
brann-rook/unarmed/ultimate,generated-motion-review-required,12,exports/brann-rook/unarmed/ultimate/animation.json
brann-rook/unarmed/walk,generated-motion-review-required,12,exports/brann-rook/unarmed/walk/animation.json
brann-rook/unarmed/dash,generated-motion-review-required,12,exports/brann-rook/unarmed/dash/animation.json
brann-rook/unarmed/brake,generated-motion-review-required,12,exports/brann-rook/unarmed/brake/animation.json
brann-rook/unarmed/double_jump,generated-motion-review-required,12,exports/brann-rook/unarmed/double_jump/animation.json
brann-rook/unarmed/fast_fall,generated-motion-review-required,12,exports/brann-rook/unarmed/fast_fall/animation.json
brann-rook/unarmed/air_dodge,generated-motion-review-required,12,exports/brann-rook/unarmed/air_dodge/animation.json
brann-rook/unarmed/recovery,generated-motion-review-required,12,exports/brann-rook/unarmed/recovery/animation.json
brann-rook/unarmed/wall_cling,generated-motion-review-required,12,exports/brann-rook/unarmed/wall_cling/animation.json
brann-rook/unarmed/ledge_hang,generated-motion-review-required,12,exports/brann-rook/unarmed/ledge_hang/animation.json
brann-rook/unarmed/ledge_climb,generated-motion-review-required,12,exports/brann-rook/unarmed/ledge_climb/animation.json
brann-rook/unarmed/hurt,generated-motion-review-required,12,exports/brann-rook/unarmed/hurt/animation.json
brann-rook/unarmed/tumble,motion-reviewed,12,exports/brann-rook/unarmed/tumble/animation.json
brann-rook/unarmed/get_up,generated-motion-review-required,12,exports/brann-rook/unarmed/get_up/animation.json
brann-rook/unarmed/ko,generated-motion-review-required,12,exports/brann-rook/unarmed/ko/animation.json
brann-rook/unarmed/respawn,generated-motion-review-required,12,exports/brann-rook/unarmed/respawn/animation.json
brann-rook/unarmed/victory,generated-motion-review-required,12,exports/brann-rook/unarmed/victory/animation.json
brann-rook/unarmed/neutral_air,generated-motion-review-required,12,exports/brann-rook/unarmed/neutral_air/animation.json
brann-rook/unarmed/back_air,generated-motion-review-required,12,exports/brann-rook/unarmed/back_air/animation.json
brann-rook/unarmed/up_air,generated-motion-review-required,12,exports/brann-rook/unarmed/up_air/animation.json
brann-rook/unarmed/down_air,generated-motion-review-required,12,exports/brann-rook/unarmed/down_air/animation.json
brann-rook/unarmed/up_smash,generated-motion-review-required,12,exports/brann-rook/unarmed/up_smash/animation.json
brann-rook/unarmed/down_smash,generated-motion-review-required,12,exports/brann-rook/unarmed/down_smash/animation.json
brann-rook/unarmed/throw_back,generated-motion-review-required,12,exports/brann-rook/unarmed/throw_back/animation.json
brann-rook/unarmed/throw_up,generated-motion-review-required,12,exports/brann-rook/unarmed/throw_up/animation.json
brann-rook/unarmed/throw_down,generated-motion-review-required,12,exports/brann-rook/unarmed/throw_down/animation.json
brann-rook/unarmed/cast_forward,generated-motion-review-required,12,exports/brann-rook/unarmed/cast_forward/animation.json
brann-rook/unarmed/cast_up,generated-motion-review-required,12,exports/brann-rook/unarmed/cast_up/animation.json
brann-rook/unarmed/cast_down,generated-motion-review-required,12,exports/brann-rook/unarmed/cast_down/animation.json
brann-rook/unarmed/cast_diagonal_up,generated-motion-review-required,12,exports/brann-rook/unarmed/cast_diagonal_up/animation.json
brann-rook/unarmed/cast_diagonal_down,generated-motion-review-required,12,exports/brann-rook/unarmed/cast_diagonal_down/animation.json
brann-rook/unarmed/pickup,generated-motion-review-required,12,exports/brann-rook/unarmed/pickup/animation.json
brann-rook/unarmed/taunt,generated-motion-review-required,12,exports/brann-rook/unarmed/taunt/animation.json
brann-rook/unarmed/idle_ready,generated-motion-review-required,12,exports/brann-rook/unarmed/idle_ready/animation.json
brann-rook/unarmed/duck,generated-motion-review-required,12,exports/brann-rook/unarmed/duck/animation.json
brann-rook/unarmed/crouch_idle,generated-motion-review-required,12,exports/brann-rook/unarmed/crouch_idle/animation.json
brann-rook/unarmed/crouch_walk,generated-motion-review-required,12,exports/brann-rook/unarmed/crouch_walk/animation.json
brann-rook/unarmed/hurt_crouch,generated-motion-review-required,12,exports/brann-rook/unarmed/hurt_crouch/animation.json
brann-rook/unarmed/hurt_air,generated-motion-review-required,12,exports/brann-rook/unarmed/hurt_air/animation.json
brann-rook/unarmed/hurt_back,generated-motion-review-required,12,exports/brann-rook/unarmed/hurt_back/animation.json
brann-rook/unarmed/shield_hit,generated-motion-review-required,12,exports/brann-rook/unarmed/shield_hit/animation.json
brann-rook/unarmed/shield_break,generated-motion-review-required,12,exports/brann-rook/unarmed/shield_break/animation.json
brann-rook/unarmed/stun,generated-motion-review-required,12,exports/brann-rook/unarmed/stun/animation.json
brann-rook/unarmed/frozen,generated-motion-review-required,12,exports/brann-rook/unarmed/frozen/animation.json
brann-rook/unarmed/burning,generated-motion-review-required,12,exports/brann-rook/unarmed/burning/animation.json
brann-rook/unarmed/grabbed,generated-motion-review-required,12,exports/brann-rook/unarmed/grabbed/animation.json
brann-rook/unarmed/ledge_release,generated-motion-review-required,12,exports/brann-rook/unarmed/ledge_release/animation.json
brann-rook/unarmed/defeat,generated-motion-review-required,12,exports/brann-rook/unarmed/defeat/animation.json
brann-rook/unarmed/stand_up,generated-motion-review-required,12,exports/brann-rook/unarmed/stand_up/animation.json
brann-rook/armed/idle,generated-motion-review-required,12,exports/brann-rook/armed/idle/animation.json
brann-rook/armed/run,generated-motion-review-required,12,exports/brann-rook/armed/run/animation.json
brann-rook/armed/jump,generated-motion-review-required,12,exports/brann-rook/armed/jump/animation.json
brann-rook/armed/fall,generated-motion-review-required,12,exports/brann-rook/armed/fall/animation.json
brann-rook/armed/land,generated-motion-review-required,12,exports/brann-rook/armed/land/animation.json
brann-rook/armed/opener,generated-motion-review-required,12,exports/brann-rook/armed/opener/animation.json
brann-rook/armed/launcher,generated-motion-review-required,12,exports/brann-rook/armed/launcher/animation.json
brann-rook/armed/aerial,generated-motion-review-required,12,exports/brann-rook/armed/aerial/animation.json
brann-rook/armed/finisher,generated-motion-review-required,16,exports/brann-rook/armed/finisher/animation.json
brann-rook/armed/shield,generated-motion-review-required,12,exports/brann-rook/armed/shield/animation.json
brann-rook/armed/dodge,generated-motion-review-required,12,exports/brann-rook/armed/dodge/animation.json
brann-rook/armed/grab,generated-motion-review-required,12,exports/brann-rook/armed/grab/animation.json
brann-rook/armed/throw_forward,generated-motion-review-required,12,exports/brann-rook/armed/throw_forward/animation.json
brann-rook/armed/tactical,generated-motion-review-required,12,exports/brann-rook/armed/tactical/animation.json
brann-rook/armed/ultimate,generated-motion-review-required,12,exports/brann-rook/armed/ultimate/animation.json
brann-rook/armed/walk,generated-motion-review-required,12,exports/brann-rook/armed/walk/animation.json
brann-rook/armed/dash,generated-motion-review-required,12,exports/brann-rook/armed/dash/animation.json
brann-rook/armed/brake,generated-motion-review-required,12,exports/brann-rook/armed/brake/animation.json
brann-rook/armed/double_jump,generated-motion-review-required,12,exports/brann-rook/armed/double_jump/animation.json
brann-rook/armed/fast_fall,generated-motion-review-required,12,exports/brann-rook/armed/fast_fall/animation.json
brann-rook/armed/air_dodge,generated-motion-review-required,12,exports/brann-rook/armed/air_dodge/animation.json
brann-rook/armed/recovery,generated-motion-review-required,12,exports/brann-rook/armed/recovery/animation.json
brann-rook/armed/wall_cling,generated-motion-review-required,12,exports/brann-rook/armed/wall_cling/animation.json
brann-rook/armed/ledge_hang,generated-motion-review-required,12,exports/brann-rook/armed/ledge_hang/animation.json
brann-rook/armed/ledge_climb,generated-motion-review-required,12,exports/brann-rook/armed/ledge_climb/animation.json
brann-rook/armed/hurt,generated-motion-review-required,12,exports/brann-rook/armed/hurt/animation.json
brann-rook/armed/tumble,motion-reviewed,12,exports/brann-rook/armed/tumble/animation.json
brann-rook/armed/get_up,generated-motion-review-required,12,exports/brann-rook/armed/get_up/animation.json
brann-rook/armed/ko,generated-motion-review-required,12,exports/brann-rook/armed/ko/animation.json
brann-rook/armed/respawn,generated-motion-review-required,12,exports/brann-rook/armed/respawn/animation.json
brann-rook/armed/victory,generated-motion-review-required,12,exports/brann-rook/armed/victory/animation.json
brann-rook/armed/neutral_air,generated-motion-review-required,12,exports/brann-rook/armed/neutral_air/animation.json
brann-rook/armed/back_air,generated-motion-review-required,12,exports/brann-rook/armed/back_air/animation.json
brann-rook/armed/up_air,generated-motion-review-required,12,exports/brann-rook/armed/up_air/animation.json
brann-rook/armed/down_air,generated-motion-review-required,12,exports/brann-rook/armed/down_air/animation.json
brann-rook/armed/up_smash,generated-motion-review-required,12,exports/brann-rook/armed/up_smash/animation.json
brann-rook/armed/down_smash,generated-motion-review-required,12,exports/brann-rook/armed/down_smash/animation.json
brann-rook/armed/throw_back,generated-motion-review-required,12,exports/brann-rook/armed/throw_back/animation.json
brann-rook/armed/throw_up,generated-motion-review-required,12,exports/brann-rook/armed/throw_up/animation.json
brann-rook/armed/throw_down,generated-motion-review-required,12,exports/brann-rook/armed/throw_down/animation.json
brann-rook/armed/cast_forward,generated-motion-review-required,12,exports/brann-rook/armed/cast_forward/animation.json
brann-rook/armed/cast_up,generated-motion-review-required,12,exports/brann-rook/armed/cast_up/animation.json
brann-rook/armed/cast_down,generated-motion-review-required,12,exports/brann-rook/armed/cast_down/animation.json
brann-rook/armed/cast_diagonal_up,generated-motion-review-required,12,exports/brann-rook/armed/cast_diagonal_up/animation.json
brann-rook/armed/cast_diagonal_down,generated-motion-review-required,12,exports/brann-rook/armed/cast_diagonal_down/animation.json
brann-rook/armed/pickup,generated-motion-review-required,12,exports/brann-rook/armed/pickup/animation.json
brann-rook/armed/taunt,generated-motion-review-required,12,exports/brann-rook/armed/taunt/animation.json
brann-rook/armed/idle_ready,generated-motion-review-required,12,exports/brann-rook/armed/idle_ready/animation.json
brann-rook/armed/duck,generated-motion-review-required,12,exports/brann-rook/armed/duck/animation.json
brann-rook/armed/crouch_idle,generated-motion-review-required,12,exports/brann-rook/armed/crouch_idle/animation.json
brann-rook/armed/crouch_walk,generated-motion-review-required,12,exports/brann-rook/armed/crouch_walk/animation.json
brann-rook/armed/hurt_crouch,generated-motion-review-required,12,exports/brann-rook/armed/hurt_crouch/animation.json
brann-rook/armed/hurt_air,generated-motion-review-required,12,exports/brann-rook/armed/hurt_air/animation.json
brann-rook/armed/hurt_back,generated-motion-review-required,12,exports/brann-rook/armed/hurt_back/animation.json
brann-rook/armed/shield_hit,generated-motion-review-required,12,exports/brann-rook/armed/shield_hit/animation.json
brann-rook/armed/shield_break,generated-motion-review-required,12,exports/brann-rook/armed/shield_break/animation.json
brann-rook/armed/stun,generated-motion-review-required,12,exports/brann-rook/armed/stun/animation.json
brann-rook/armed/frozen,generated-motion-review-required,12,exports/brann-rook/armed/frozen/animation.json
brann-rook/armed/burning,generated-motion-review-required,12,exports/brann-rook/armed/burning/animation.json
brann-rook/armed/grabbed,generated-motion-review-required,12,exports/brann-rook/armed/grabbed/animation.json
brann-rook/armed/ledge_release,generated-motion-review-required,12,exports/brann-rook/armed/ledge_release/animation.json
brann-rook/armed/defeat,generated-motion-review-required,12,exports/brann-rook/armed/defeat/animation.json
brann-rook/armed/stand_up,generated-motion-review-required,12,exports/brann-rook/armed/stand_up/animation.json
sable-fen/unarmed/idle,missing,0,
sable-fen/unarmed/run,missing,0,
sable-fen/unarmed/jump,missing,0,
sable-fen/unarmed/fall,missing,0,
sable-fen/unarmed/land,missing,0,
sable-fen/unarmed/opener,missing,0,
sable-fen/unarmed/launcher,missing,0,
sable-fen/unarmed/aerial,missing,0,
sable-fen/unarmed/finisher,missing,0,
sable-fen/unarmed/shield,missing,0,
sable-fen/unarmed/dodge,missing,0,
sable-fen/unarmed/grab,missing,0,
sable-fen/unarmed/throw_forward,missing,0,
sable-fen/unarmed/tactical,missing,0,
sable-fen/unarmed/ultimate,missing,0,
sable-fen/unarmed/walk,missing,0,
sable-fen/unarmed/dash,missing,0,
sable-fen/unarmed/brake,missing,0,
sable-fen/unarmed/double_jump,missing,0,
sable-fen/unarmed/fast_fall,missing,0,
sable-fen/unarmed/air_dodge,missing,0,
sable-fen/unarmed/recovery,missing,0,
sable-fen/unarmed/wall_cling,missing,0,
sable-fen/unarmed/ledge_hang,missing,0,
sable-fen/unarmed/ledge_climb,missing,0,
sable-fen/unarmed/hurt,missing,0,
sable-fen/unarmed/tumble,missing,0,
sable-fen/unarmed/get_up,missing,0,
sable-fen/unarmed/ko,missing,0,
sable-fen/unarmed/respawn,missing,0,
sable-fen/unarmed/victory,missing,0,
sable-fen/unarmed/neutral_air,missing,0,
sable-fen/unarmed/back_air,missing,0,
sable-fen/unarmed/up_air,missing,0,
sable-fen/unarmed/down_air,missing,0,
sable-fen/unarmed/up_smash,missing,0,
sable-fen/unarmed/down_smash,missing,0,
sable-fen/unarmed/throw_back,missing,0,
sable-fen/unarmed/throw_up,missing,0,
sable-fen/unarmed/throw_down,missing,0,
sable-fen/unarmed/cast_forward,missing,0,
sable-fen/unarmed/cast_up,missing,0,
sable-fen/unarmed/cast_down,missing,0,
sable-fen/unarmed/cast_diagonal_up,missing,0,
sable-fen/unarmed/cast_diagonal_down,missing,0,
sable-fen/unarmed/pickup,missing,0,
sable-fen/unarmed/taunt,missing,0,
sable-fen/unarmed/idle_ready,missing,0,
sable-fen/unarmed/duck,missing,0,
sable-fen/unarmed/crouch_idle,missing,0,
sable-fen/unarmed/crouch_walk,missing,0,
sable-fen/unarmed/hurt_crouch,missing,0,
sable-fen/unarmed/hurt_air,missing,0,
sable-fen/unarmed/hurt_back,missing,0,
sable-fen/unarmed/shield_hit,missing,0,
sable-fen/unarmed/shield_break,missing,0,
sable-fen/unarmed/stun,missing,0,
sable-fen/unarmed/frozen,missing,0,
sable-fen/unarmed/burning,missing,0,
sable-fen/unarmed/grabbed,missing,0,
sable-fen/unarmed/ledge_release,missing,0,
sable-fen/unarmed/defeat,missing,0,
sable-fen/unarmed/stand_up,missing,0,
sable-fen/armed/idle,missing,0,
sable-fen/armed/run,missing,0,
sable-fen/armed/jump,missing,0,
sable-fen/armed/fall,missing,0,
sable-fen/armed/land,missing,0,
sable-fen/armed/opener,missing,0,
sable-fen/armed/launcher,missing,0,
sable-fen/armed/aerial,missing,0,
sable-fen/armed/finisher,missing,0,
sable-fen/armed/shield,missing,0,
sable-fen/armed/dodge,missing,0,
sable-fen/armed/grab,missing,0,
sable-fen/armed/throw_forward,missing,0,
sable-fen/armed/tactical,missing,0,
sable-fen/armed/ultimate,missing,0,
sable-fen/armed/walk,missing,0,
sable-fen/armed/dash,missing,0,
sable-fen/armed/brake,missing,0,
sable-fen/armed/double_jump,missing,0,
sable-fen/armed/fast_fall,missing,0,
sable-fen/armed/air_dodge,missing,0,
sable-fen/armed/recovery,missing,0,
sable-fen/armed/wall_cling,missing,0,
sable-fen/armed/ledge_hang,missing,0,
sable-fen/armed/ledge_climb,missing,0,
sable-fen/armed/hurt,missing,0,
sable-fen/armed/tumble,missing,0,
sable-fen/armed/get_up,missing,0,
sable-fen/armed/ko,missing,0,
sable-fen/armed/respawn,missing,0,
sable-fen/armed/victory,missing,0,
sable-fen/armed/neutral_air,missing,0,
sable-fen/armed/back_air,missing,0,
sable-fen/armed/up_air,missing,0,
sable-fen/armed/down_air,missing,0,
sable-fen/armed/up_smash,missing,0,
sable-fen/armed/down_smash,missing,0,
sable-fen/armed/throw_back,missing,0,
sable-fen/armed/throw_up,missing,0,
sable-fen/armed/throw_down,missing,0,
sable-fen/armed/cast_forward,missing,0,
sable-fen/armed/cast_up,missing,0,
sable-fen/armed/cast_down,missing,0,
sable-fen/armed/cast_diagonal_up,missing,0,
sable-fen/armed/cast_diagonal_down,missing,0,
sable-fen/armed/pickup,missing,0,
sable-fen/armed/taunt,missing,0,
sable-fen/armed/idle_ready,missing,0,
sable-fen/armed/duck,missing,0,
sable-fen/armed/crouch_idle,missing,0,
sable-fen/armed/crouch_walk,missing,0,
sable-fen/armed/hurt_crouch,missing,0,
sable-fen/armed/hurt_air,missing,0,
sable-fen/armed/hurt_back,missing,0,
sable-fen/armed/shield_hit,missing,0,
sable-fen/armed/shield_break,missing,0,
sable-fen/armed/stun,missing,0,
sable-fen/armed/frozen,missing,0,
sable-fen/armed/burning,missing,0,
sable-fen/armed/grabbed,missing,0,
sable-fen/armed/ledge_release,missing,0,
sable-fen/armed/defeat,missing,0,
sable-fen/armed/stand_up,missing,0,
mara-quell/unarmed/idle,missing,0,
mara-quell/unarmed/run,missing,0,
mara-quell/unarmed/jump,missing,0,
mara-quell/unarmed/fall,missing,0,
mara-quell/unarmed/land,missing,0,
mara-quell/unarmed/opener,missing,0,
mara-quell/unarmed/launcher,missing,0,
mara-quell/unarmed/aerial,missing,0,
mara-quell/unarmed/finisher,missing,0,
mara-quell/unarmed/shield,missing,0,
mara-quell/unarmed/dodge,missing,0,
mara-quell/unarmed/grab,missing,0,
mara-quell/unarmed/throw_forward,missing,0,
mara-quell/unarmed/tactical,missing,0,
mara-quell/unarmed/ultimate,missing,0,
mara-quell/unarmed/walk,missing,0,
mara-quell/unarmed/dash,missing,0,
mara-quell/unarmed/brake,missing,0,
mara-quell/unarmed/double_jump,missing,0,
mara-quell/unarmed/fast_fall,missing,0,
mara-quell/unarmed/air_dodge,missing,0,
mara-quell/unarmed/recovery,missing,0,
mara-quell/unarmed/wall_cling,missing,0,
mara-quell/unarmed/ledge_hang,missing,0,
mara-quell/unarmed/ledge_climb,missing,0,
mara-quell/unarmed/hurt,missing,0,
mara-quell/unarmed/tumble,missing,0,
mara-quell/unarmed/get_up,missing,0,
mara-quell/unarmed/ko,missing,0,
mara-quell/unarmed/respawn,missing,0,
mara-quell/unarmed/victory,missing,0,
mara-quell/unarmed/neutral_air,missing,0,
mara-quell/unarmed/back_air,missing,0,
mara-quell/unarmed/up_air,missing,0,
mara-quell/unarmed/down_air,missing,0,
mara-quell/unarmed/up_smash,missing,0,
mara-quell/unarmed/down_smash,missing,0,
mara-quell/unarmed/throw_back,missing,0,
mara-quell/unarmed/throw_up,missing,0,
mara-quell/unarmed/throw_down,missing,0,
mara-quell/unarmed/cast_forward,missing,0,
mara-quell/unarmed/cast_up,missing,0,
mara-quell/unarmed/cast_down,missing,0,
mara-quell/unarmed/cast_diagonal_up,missing,0,
mara-quell/unarmed/cast_diagonal_down,missing,0,
mara-quell/unarmed/pickup,missing,0,
mara-quell/unarmed/taunt,missing,0,
mara-quell/unarmed/idle_ready,missing,0,
mara-quell/unarmed/duck,missing,0,
mara-quell/unarmed/crouch_idle,missing,0,
mara-quell/unarmed/crouch_walk,missing,0,
mara-quell/unarmed/hurt_crouch,missing,0,
mara-quell/unarmed/hurt_air,missing,0,
mara-quell/unarmed/hurt_back,missing,0,
mara-quell/unarmed/shield_hit,missing,0,
mara-quell/unarmed/shield_break,missing,0,
mara-quell/unarmed/stun,missing,0,
mara-quell/unarmed/frozen,missing,0,
mara-quell/unarmed/burning,missing,0,
mara-quell/unarmed/grabbed,missing,0,
mara-quell/unarmed/ledge_release,missing,0,
mara-quell/unarmed/defeat,missing,0,
mara-quell/unarmed/stand_up,missing,0,
mara-quell/armed/idle,missing,0,
mara-quell/armed/run,missing,0,
mara-quell/armed/jump,missing,0,
mara-quell/armed/fall,missing,0,
mara-quell/armed/land,missing,0,
mara-quell/armed/opener,missing,0,
mara-quell/armed/launcher,missing,0,
mara-quell/armed/aerial,missing,0,
mara-quell/armed/finisher,missing,0,
mara-quell/armed/shield,missing,0,
mara-quell/armed/dodge,missing,0,
mara-quell/armed/grab,missing,0,
mara-quell/armed/throw_forward,missing,0,
mara-quell/armed/tactical,missing,0,
mara-quell/armed/ultimate,missing,0,
mara-quell/armed/walk,missing,0,
mara-quell/armed/dash,missing,0,
mara-quell/armed/brake,missing,0,
mara-quell/armed/double_jump,missing,0,
mara-quell/armed/fast_fall,missing,0,
mara-quell/armed/air_dodge,missing,0,
mara-quell/armed/recovery,missing,0,
mara-quell/armed/wall_cling,missing,0,
mara-quell/armed/ledge_hang,missing,0,
mara-quell/armed/ledge_climb,missing,0,
mara-quell/armed/hurt,missing,0,
mara-quell/armed/tumble,missing,0,
mara-quell/armed/get_up,missing,0,
mara-quell/armed/ko,missing,0,
mara-quell/armed/respawn,missing,0,
mara-quell/armed/victory,missing,0,
mara-quell/armed/neutral_air,missing,0,
mara-quell/armed/back_air,missing,0,
mara-quell/armed/up_air,missing,0,
mara-quell/armed/down_air,missing,0,
mara-quell/armed/up_smash,missing,0,
mara-quell/armed/down_smash,missing,0,
mara-quell/armed/throw_back,missing,0,
mara-quell/armed/throw_up,missing,0,
mara-quell/armed/throw_down,missing,0,
mara-quell/armed/cast_forward,missing,0,
mara-quell/armed/cast_up,missing,0,
mara-quell/armed/cast_down,missing,0,
mara-quell/armed/cast_diagonal_up,missing,0,
mara-quell/armed/cast_diagonal_down,missing,0,
mara-quell/armed/pickup,missing,0,
mara-quell/armed/taunt,missing,0,
mara-quell/armed/idle_ready,missing,0,
mara-quell/armed/duck,missing,0,
mara-quell/armed/crouch_idle,missing,0,
mara-quell/armed/crouch_walk,missing,0,
mara-quell/armed/hurt_crouch,missing,0,
mara-quell/armed/hurt_air,missing,0,
mara-quell/armed/hurt_back,missing,0,
mara-quell/armed/shield_hit,missing,0,
mara-quell/armed/shield_break,missing,0,
mara-quell/armed/stun,missing,0,
mara-quell/armed/frozen,missing,0,
mara-quell/armed/burning,missing,0,
mara-quell/armed/grabbed,missing,0,
mara-quell/armed/ledge_release,missing,0,
mara-quell/armed/defeat,missing,0,
mara-quell/armed/stand_up,missing,0,
kest-rel/unarmed/idle,missing,0,
kest-rel/unarmed/run,missing,0,
kest-rel/unarmed/jump,missing,0,
kest-rel/unarmed/fall,missing,0,
kest-rel/unarmed/land,missing,0,
kest-rel/unarmed/opener,missing,0,
kest-rel/unarmed/launcher,missing,0,
kest-rel/unarmed/aerial,missing,0,
kest-rel/unarmed/finisher,missing,0,
kest-rel/unarmed/shield,missing,0,
kest-rel/unarmed/dodge,missing,0,
kest-rel/unarmed/grab,missing,0,
kest-rel/unarmed/throw_forward,missing,0,
kest-rel/unarmed/tactical,missing,0,
kest-rel/unarmed/ultimate,missing,0,
kest-rel/unarmed/walk,missing,0,
kest-rel/unarmed/dash,missing,0,
kest-rel/unarmed/brake,missing,0,
kest-rel/unarmed/double_jump,missing,0,
kest-rel/unarmed/fast_fall,missing,0,
kest-rel/unarmed/air_dodge,missing,0,
kest-rel/unarmed/recovery,missing,0,
kest-rel/unarmed/wall_cling,missing,0,
kest-rel/unarmed/ledge_hang,missing,0,
kest-rel/unarmed/ledge_climb,missing,0,
kest-rel/unarmed/hurt,missing,0,
kest-rel/unarmed/tumble,missing,0,
kest-rel/unarmed/get_up,missing,0,
kest-rel/unarmed/ko,missing,0,
kest-rel/unarmed/respawn,missing,0,
kest-rel/unarmed/victory,missing,0,
kest-rel/unarmed/neutral_air,missing,0,
kest-rel/unarmed/back_air,missing,0,
kest-rel/unarmed/up_air,missing,0,
kest-rel/unarmed/down_air,missing,0,
kest-rel/unarmed/up_smash,missing,0,
kest-rel/unarmed/down_smash,missing,0,
kest-rel/unarmed/throw_back,missing,0,
kest-rel/unarmed/throw_up,missing,0,
kest-rel/unarmed/throw_down,missing,0,
kest-rel/unarmed/cast_forward,missing,0,
kest-rel/unarmed/cast_up,missing,0,
kest-rel/unarmed/cast_down,missing,0,
kest-rel/unarmed/cast_diagonal_up,missing,0,
kest-rel/unarmed/cast_diagonal_down,missing,0,
kest-rel/unarmed/pickup,missing,0,
kest-rel/unarmed/taunt,missing,0,
kest-rel/unarmed/idle_ready,missing,0,
kest-rel/unarmed/duck,missing,0,
kest-rel/unarmed/crouch_idle,missing,0,
kest-rel/unarmed/crouch_walk,missing,0,
kest-rel/unarmed/hurt_crouch,missing,0,
kest-rel/unarmed/hurt_air,missing,0,
kest-rel/unarmed/hurt_back,missing,0,
kest-rel/unarmed/shield_hit,missing,0,
kest-rel/unarmed/shield_break,missing,0,
kest-rel/unarmed/stun,missing,0,
kest-rel/unarmed/frozen,missing,0,
kest-rel/unarmed/burning,missing,0,
kest-rel/unarmed/grabbed,missing,0,
kest-rel/unarmed/ledge_release,missing,0,
kest-rel/unarmed/defeat,missing,0,
kest-rel/unarmed/stand_up,missing,0,
kest-rel/armed/idle,missing,0,
kest-rel/armed/run,missing,0,
kest-rel/armed/jump,missing,0,
kest-rel/armed/fall,missing,0,
kest-rel/armed/land,missing,0,
kest-rel/armed/opener,missing,0,
kest-rel/armed/launcher,missing,0,
kest-rel/armed/aerial,missing,0,
kest-rel/armed/finisher,missing,0,
kest-rel/armed/shield,missing,0,
kest-rel/armed/dodge,missing,0,
kest-rel/armed/grab,missing,0,
kest-rel/armed/throw_forward,missing,0,
kest-rel/armed/tactical,missing,0,
kest-rel/armed/ultimate,missing,0,
kest-rel/armed/walk,missing,0,
kest-rel/armed/dash,missing,0,
kest-rel/armed/brake,missing,0,
kest-rel/armed/double_jump,missing,0,
kest-rel/armed/fast_fall,missing,0,
kest-rel/armed/air_dodge,missing,0,
kest-rel/armed/recovery,missing,0,
kest-rel/armed/wall_cling,missing,0,
kest-rel/armed/ledge_hang,missing,0,
kest-rel/armed/ledge_climb,missing,0,
kest-rel/armed/hurt,missing,0,
kest-rel/armed/tumble,missing,0,
kest-rel/armed/get_up,missing,0,
kest-rel/armed/ko,missing,0,
kest-rel/armed/respawn,missing,0,
kest-rel/armed/victory,missing,0,
kest-rel/armed/neutral_air,missing,0,
kest-rel/armed/back_air,missing,0,
kest-rel/armed/up_air,missing,0,
kest-rel/armed/down_air,missing,0,
kest-rel/armed/up_smash,missing,0,
kest-rel/armed/down_smash,missing,0,
kest-rel/armed/throw_back,missing,0,
kest-rel/armed/throw_up,missing,0,
kest-rel/armed/throw_down,missing,0,
kest-rel/armed/cast_forward,missing,0,
kest-rel/armed/cast_up,missing,0,
kest-rel/armed/cast_down,missing,0,
kest-rel/armed/cast_diagonal_up,missing,0,
kest-rel/armed/cast_diagonal_down,missing,0,
kest-rel/armed/pickup,missing,0,
kest-rel/armed/taunt,missing,0,
kest-rel/armed/idle_ready,missing,0,
kest-rel/armed/duck,missing,0,
kest-rel/armed/crouch_idle,missing,0,
kest-rel/armed/crouch_walk,missing,0,
kest-rel/armed/hurt_crouch,missing,0,
kest-rel/armed/hurt_air,missing,0,
kest-rel/armed/hurt_back,missing,0,
kest-rel/armed/shield_hit,missing,0,
kest-rel/armed/shield_break,missing,0,
kest-rel/armed/stun,missing,0,
kest-rel/armed/frozen,missing,0,
kest-rel/armed/burning,missing,0,
kest-rel/armed/grabbed,missing,0,
kest-rel/armed/ledge_release,missing,0,
kest-rel/armed/defeat,missing,0,
kest-rel/armed/stand_up,missing,0,
nox-calder/unarmed/idle,missing,0,
nox-calder/unarmed/run,missing,0,
nox-calder/unarmed/jump,missing,0,
nox-calder/unarmed/fall,missing,0,
nox-calder/unarmed/land,missing,0,
nox-calder/unarmed/opener,missing,0,
nox-calder/unarmed/launcher,missing,0,
nox-calder/unarmed/aerial,missing,0,
nox-calder/unarmed/finisher,missing,0,
nox-calder/unarmed/shield,missing,0,
nox-calder/unarmed/dodge,missing,0,
nox-calder/unarmed/grab,missing,0,
nox-calder/unarmed/throw_forward,missing,0,
nox-calder/unarmed/tactical,missing,0,
nox-calder/unarmed/ultimate,missing,0,
nox-calder/unarmed/walk,missing,0,
nox-calder/unarmed/dash,missing,0,
nox-calder/unarmed/brake,missing,0,
nox-calder/unarmed/double_jump,missing,0,
nox-calder/unarmed/fast_fall,missing,0,
nox-calder/unarmed/air_dodge,missing,0,
nox-calder/unarmed/recovery,missing,0,
nox-calder/unarmed/wall_cling,missing,0,
nox-calder/unarmed/ledge_hang,missing,0,
nox-calder/unarmed/ledge_climb,missing,0,
nox-calder/unarmed/hurt,missing,0,
nox-calder/unarmed/tumble,missing,0,
nox-calder/unarmed/get_up,missing,0,
nox-calder/unarmed/ko,missing,0,
nox-calder/unarmed/respawn,missing,0,
nox-calder/unarmed/victory,missing,0,
nox-calder/unarmed/neutral_air,missing,0,
nox-calder/unarmed/back_air,missing,0,
nox-calder/unarmed/up_air,missing,0,
nox-calder/unarmed/down_air,missing,0,
nox-calder/unarmed/up_smash,missing,0,
nox-calder/unarmed/down_smash,missing,0,
nox-calder/unarmed/throw_back,missing,0,
nox-calder/unarmed/throw_up,missing,0,
nox-calder/unarmed/throw_down,missing,0,
nox-calder/unarmed/cast_forward,missing,0,
nox-calder/unarmed/cast_up,missing,0,
nox-calder/unarmed/cast_down,missing,0,
nox-calder/unarmed/cast_diagonal_up,missing,0,
nox-calder/unarmed/cast_diagonal_down,missing,0,
nox-calder/unarmed/pickup,missing,0,
nox-calder/unarmed/taunt,missing,0,
nox-calder/unarmed/idle_ready,missing,0,
nox-calder/unarmed/duck,missing,0,
nox-calder/unarmed/crouch_idle,missing,0,
nox-calder/unarmed/crouch_walk,missing,0,
nox-calder/unarmed/hurt_crouch,missing,0,
nox-calder/unarmed/hurt_air,missing,0,
nox-calder/unarmed/hurt_back,missing,0,
nox-calder/unarmed/shield_hit,missing,0,
nox-calder/unarmed/shield_break,missing,0,
nox-calder/unarmed/stun,missing,0,
nox-calder/unarmed/frozen,missing,0,
nox-calder/unarmed/burning,missing,0,
nox-calder/unarmed/grabbed,missing,0,
nox-calder/unarmed/ledge_release,missing,0,
nox-calder/unarmed/defeat,missing,0,
nox-calder/unarmed/stand_up,missing,0,
nox-calder/armed/idle,missing,0,
nox-calder/armed/run,missing,0,
nox-calder/armed/jump,missing,0,
nox-calder/armed/fall,missing,0,
nox-calder/armed/land,missing,0,
nox-calder/armed/opener,missing,0,
nox-calder/armed/launcher,missing,0,
nox-calder/armed/aerial,missing,0,
nox-calder/armed/finisher,missing,0,
nox-calder/armed/shield,missing,0,
nox-calder/armed/dodge,missing,0,
nox-calder/armed/grab,missing,0,
nox-calder/armed/throw_forward,missing,0,
nox-calder/armed/tactical,missing,0,
nox-calder/armed/ultimate,missing,0,
nox-calder/armed/walk,missing,0,
nox-calder/armed/dash,missing,0,
nox-calder/armed/brake,missing,0,
nox-calder/armed/double_jump,missing,0,
nox-calder/armed/fast_fall,missing,0,
nox-calder/armed/air_dodge,missing,0,
nox-calder/armed/recovery,missing,0,
nox-calder/armed/wall_cling,missing,0,
nox-calder/armed/ledge_hang,missing,0,
nox-calder/armed/ledge_climb,missing,0,
nox-calder/armed/hurt,missing,0,
nox-calder/armed/tumble,missing,0,
nox-calder/armed/get_up,missing,0,
nox-calder/armed/ko,missing,0,
nox-calder/armed/respawn,missing,0,
nox-calder/armed/victory,missing,0,
nox-calder/armed/neutral_air,missing,0,
nox-calder/armed/back_air,missing,0,
nox-calder/armed/up_air,missing,0,
nox-calder/armed/down_air,missing,0,
nox-calder/armed/up_smash,missing,0,
nox-calder/armed/down_smash,missing,0,
nox-calder/armed/throw_back,missing,0,
nox-calder/armed/throw_up,missing,0,
nox-calder/armed/throw_down,missing,0,
nox-calder/armed/cast_forward,missing,0,
nox-calder/armed/cast_up,missing,0,
nox-calder/armed/cast_down,missing,0,
nox-calder/armed/cast_diagonal_up,missing,0,
nox-calder/armed/cast_diagonal_down,missing,0,
nox-calder/armed/pickup,missing,0,
nox-calder/armed/taunt,missing,0,
nox-calder/armed/idle_ready,missing,0,
nox-calder/armed/duck,missing,0,
nox-calder/armed/crouch_idle,missing,0,
nox-calder/armed/crouch_walk,missing,0,
nox-calder/armed/hurt_crouch,missing,0,
nox-calder/armed/hurt_air,missing,0,
nox-calder/armed/hurt_back,missing,0,
nox-calder/armed/shield_hit,missing,0,
nox-calder/armed/shield_break,missing,0,
nox-calder/armed/stun,missing,0,
nox-calder/armed/frozen,missing,0,
nox-calder/armed/burning,missing,0,
nox-calder/armed/grabbed,missing,0,
nox-calder/armed/ledge_release,missing,0,
nox-calder/armed/defeat,missing,0,
nox-calder/armed/stand_up,missing,0,
edda-morrow/unarmed/idle,missing,0,
edda-morrow/unarmed/run,missing,0,
edda-morrow/unarmed/jump,missing,0,
edda-morrow/unarmed/fall,missing,0,
edda-morrow/unarmed/land,missing,0,
edda-morrow/unarmed/opener,missing,0,
edda-morrow/unarmed/launcher,missing,0,
edda-morrow/unarmed/aerial,missing,0,
edda-morrow/unarmed/finisher,missing,0,
edda-morrow/unarmed/shield,missing,0,
edda-morrow/unarmed/dodge,missing,0,
edda-morrow/unarmed/grab,missing,0,
edda-morrow/unarmed/throw_forward,missing,0,
edda-morrow/unarmed/tactical,missing,0,
edda-morrow/unarmed/ultimate,missing,0,
edda-morrow/unarmed/walk,missing,0,
edda-morrow/unarmed/dash,missing,0,
edda-morrow/unarmed/brake,missing,0,
edda-morrow/unarmed/double_jump,missing,0,
edda-morrow/unarmed/fast_fall,missing,0,
edda-morrow/unarmed/air_dodge,missing,0,
edda-morrow/unarmed/recovery,missing,0,
edda-morrow/unarmed/wall_cling,missing,0,
edda-morrow/unarmed/ledge_hang,missing,0,
edda-morrow/unarmed/ledge_climb,missing,0,
edda-morrow/unarmed/hurt,missing,0,
edda-morrow/unarmed/tumble,missing,0,
edda-morrow/unarmed/get_up,missing,0,
edda-morrow/unarmed/ko,missing,0,
edda-morrow/unarmed/respawn,missing,0,
edda-morrow/unarmed/victory,missing,0,
edda-morrow/unarmed/neutral_air,missing,0,
edda-morrow/unarmed/back_air,missing,0,
edda-morrow/unarmed/up_air,missing,0,
edda-morrow/unarmed/down_air,missing,0,
edda-morrow/unarmed/up_smash,missing,0,
edda-morrow/unarmed/down_smash,missing,0,
edda-morrow/unarmed/throw_back,missing,0,
edda-morrow/unarmed/throw_up,missing,0,
edda-morrow/unarmed/throw_down,missing,0,
edda-morrow/unarmed/cast_forward,missing,0,
edda-morrow/unarmed/cast_up,missing,0,
edda-morrow/unarmed/cast_down,missing,0,
edda-morrow/unarmed/cast_diagonal_up,missing,0,
edda-morrow/unarmed/cast_diagonal_down,missing,0,
edda-morrow/unarmed/pickup,missing,0,
edda-morrow/unarmed/taunt,missing,0,
edda-morrow/unarmed/idle_ready,missing,0,
edda-morrow/unarmed/duck,missing,0,
edda-morrow/unarmed/crouch_idle,missing,0,
edda-morrow/unarmed/crouch_walk,missing,0,
edda-morrow/unarmed/hurt_crouch,missing,0,
edda-morrow/unarmed/hurt_air,missing,0,
edda-morrow/unarmed/hurt_back,missing,0,
edda-morrow/unarmed/shield_hit,missing,0,
edda-morrow/unarmed/shield_break,missing,0,
edda-morrow/unarmed/stun,missing,0,
edda-morrow/unarmed/frozen,missing,0,
edda-morrow/unarmed/burning,missing,0,
edda-morrow/unarmed/grabbed,missing,0,
edda-morrow/unarmed/ledge_release,missing,0,
edda-morrow/unarmed/defeat,missing,0,
edda-morrow/unarmed/stand_up,missing,0,
edda-morrow/armed/idle,missing,0,
edda-morrow/armed/run,missing,0,
edda-morrow/armed/jump,missing,0,
edda-morrow/armed/fall,missing,0,
edda-morrow/armed/land,missing,0,
edda-morrow/armed/opener,missing,0,
edda-morrow/armed/launcher,missing,0,
edda-morrow/armed/aerial,missing,0,
edda-morrow/armed/finisher,missing,0,
edda-morrow/armed/shield,missing,0,
edda-morrow/armed/dodge,missing,0,
edda-morrow/armed/grab,missing,0,
edda-morrow/armed/throw_forward,missing,0,
edda-morrow/armed/tactical,missing,0,
edda-morrow/armed/ultimate,missing,0,
edda-morrow/armed/walk,missing,0,
edda-morrow/armed/dash,missing,0,
edda-morrow/armed/brake,missing,0,
edda-morrow/armed/double_jump,missing,0,
edda-morrow/armed/fast_fall,missing,0,
edda-morrow/armed/air_dodge,missing,0,
edda-morrow/armed/recovery,missing,0,
edda-morrow/armed/wall_cling,missing,0,
edda-morrow/armed/ledge_hang,missing,0,
edda-morrow/armed/ledge_climb,missing,0,
edda-morrow/armed/hurt,missing,0,
edda-morrow/armed/tumble,missing,0,
edda-morrow/armed/get_up,missing,0,
edda-morrow/armed/ko,missing,0,
edda-morrow/armed/respawn,missing,0,
edda-morrow/armed/victory,missing,0,
edda-morrow/armed/neutral_air,missing,0,
edda-morrow/armed/back_air,missing,0,
edda-morrow/armed/up_air,missing,0,
edda-morrow/armed/down_air,missing,0,
edda-morrow/armed/up_smash,missing,0,
edda-morrow/armed/down_smash,missing,0,
edda-morrow/armed/throw_back,missing,0,
edda-morrow/armed/throw_up,missing,0,
edda-morrow/armed/throw_down,missing,0,
edda-morrow/armed/cast_forward,missing,0,
edda-morrow/armed/cast_up,missing,0,
edda-morrow/armed/cast_down,missing,0,
edda-morrow/armed/cast_diagonal_up,missing,0,
edda-morrow/armed/cast_diagonal_down,missing,0,
edda-morrow/armed/pickup,missing,0,
edda-morrow/armed/taunt,missing,0,
edda-morrow/armed/idle_ready,missing,0,
edda-morrow/armed/duck,missing,0,
edda-morrow/armed/crouch_idle,missing,0,
edda-morrow/armed/crouch_walk,missing,0,
edda-morrow/armed/hurt_crouch,missing,0,
edda-morrow/armed/hurt_air,missing,0,
edda-morrow/armed/hurt_back,missing,0,
edda-morrow/armed/shield_hit,missing,0,
edda-morrow/armed/shield_break,missing,0,
edda-morrow/armed/stun,missing,0,
edda-morrow/armed/frozen,missing,0,
edda-morrow/armed/burning,missing,0,
edda-morrow/armed/grabbed,missing,0,
edda-morrow/armed/ledge_release,missing,0,
edda-morrow/armed/defeat,missing,0,
edda-morrow/armed/stand_up,missing,0,
selene-wraith/unarmed/idle,missing,0,
selene-wraith/unarmed/run,missing,0,
selene-wraith/unarmed/jump,missing,0,
selene-wraith/unarmed/fall,missing,0,
selene-wraith/unarmed/land,missing,0,
selene-wraith/unarmed/opener,missing,0,
selene-wraith/unarmed/launcher,missing,0,
selene-wraith/unarmed/aerial,missing,0,
selene-wraith/unarmed/finisher,missing,0,
selene-wraith/unarmed/shield,missing,0,
selene-wraith/unarmed/dodge,missing,0,
selene-wraith/unarmed/grab,missing,0,
selene-wraith/unarmed/throw_forward,missing,0,
selene-wraith/unarmed/tactical,missing,0,
selene-wraith/unarmed/ultimate,missing,0,
selene-wraith/unarmed/walk,missing,0,
selene-wraith/unarmed/dash,missing,0,
selene-wraith/unarmed/brake,missing,0,
selene-wraith/unarmed/double_jump,missing,0,
selene-wraith/unarmed/fast_fall,missing,0,
selene-wraith/unarmed/air_dodge,missing,0,
selene-wraith/unarmed/recovery,missing,0,
selene-wraith/unarmed/wall_cling,missing,0,
selene-wraith/unarmed/ledge_hang,missing,0,
selene-wraith/unarmed/ledge_climb,missing,0,
selene-wraith/unarmed/hurt,missing,0,
selene-wraith/unarmed/tumble,missing,0,
selene-wraith/unarmed/get_up,missing,0,
selene-wraith/unarmed/ko,missing,0,
selene-wraith/unarmed/respawn,missing,0,
selene-wraith/unarmed/victory,missing,0,
selene-wraith/unarmed/neutral_air,missing,0,
selene-wraith/unarmed/back_air,missing,0,
selene-wraith/unarmed/up_air,missing,0,
selene-wraith/unarmed/down_air,missing,0,
selene-wraith/unarmed/up_smash,missing,0,
selene-wraith/unarmed/down_smash,missing,0,
selene-wraith/unarmed/throw_back,missing,0,
selene-wraith/unarmed/throw_up,missing,0,
selene-wraith/unarmed/throw_down,missing,0,
selene-wraith/unarmed/cast_forward,missing,0,
selene-wraith/unarmed/cast_up,missing,0,
selene-wraith/unarmed/cast_down,missing,0,
selene-wraith/unarmed/cast_diagonal_up,missing,0,
selene-wraith/unarmed/cast_diagonal_down,missing,0,
selene-wraith/unarmed/pickup,missing,0,
selene-wraith/unarmed/taunt,missing,0,
selene-wraith/unarmed/idle_ready,missing,0,
selene-wraith/unarmed/duck,missing,0,
selene-wraith/unarmed/crouch_idle,missing,0,
selene-wraith/unarmed/crouch_walk,missing,0,
selene-wraith/unarmed/hurt_crouch,missing,0,
selene-wraith/unarmed/hurt_air,missing,0,
selene-wraith/unarmed/hurt_back,missing,0,
selene-wraith/unarmed/shield_hit,missing,0,
selene-wraith/unarmed/shield_break,missing,0,
selene-wraith/unarmed/stun,missing,0,
selene-wraith/unarmed/frozen,missing,0,
selene-wraith/unarmed/burning,missing,0,
selene-wraith/unarmed/grabbed,missing,0,
selene-wraith/unarmed/ledge_release,missing,0,
selene-wraith/unarmed/defeat,missing,0,
selene-wraith/unarmed/stand_up,missing,0,
selene-wraith/armed/idle,missing,0,
selene-wraith/armed/run,missing,0,
selene-wraith/armed/jump,missing,0,
selene-wraith/armed/fall,missing,0,
selene-wraith/armed/land,missing,0,
selene-wraith/armed/opener,missing,0,
selene-wraith/armed/launcher,missing,0,
selene-wraith/armed/aerial,missing,0,
selene-wraith/armed/finisher,missing,0,
selene-wraith/armed/shield,missing,0,
selene-wraith/armed/dodge,missing,0,
selene-wraith/armed/grab,missing,0,
selene-wraith/armed/throw_forward,missing,0,
selene-wraith/armed/tactical,missing,0,
selene-wraith/armed/ultimate,missing,0,
selene-wraith/armed/walk,missing,0,
selene-wraith/armed/dash,missing,0,
selene-wraith/armed/brake,missing,0,
selene-wraith/armed/double_jump,missing,0,
selene-wraith/armed/fast_fall,missing,0,
selene-wraith/armed/air_dodge,missing,0,
selene-wraith/armed/recovery,missing,0,
selene-wraith/armed/wall_cling,missing,0,
selene-wraith/armed/ledge_hang,missing,0,
selene-wraith/armed/ledge_climb,missing,0,
selene-wraith/armed/hurt,missing,0,
selene-wraith/armed/tumble,missing,0,
selene-wraith/armed/get_up,missing,0,
selene-wraith/armed/ko,missing,0,
selene-wraith/armed/respawn,missing,0,
selene-wraith/armed/victory,missing,0,
selene-wraith/armed/neutral_air,missing,0,
selene-wraith/armed/back_air,missing,0,
selene-wraith/armed/up_air,missing,0,
selene-wraith/armed/down_air,missing,0,
selene-wraith/armed/up_smash,missing,0,
selene-wraith/armed/down_smash,missing,0,
selene-wraith/armed/throw_back,missing,0,
selene-wraith/armed/throw_up,missing,0,
selene-wraith/armed/throw_down,missing,0,
selene-wraith/armed/cast_forward,missing,0,
selene-wraith/armed/cast_up,missing,0,
selene-wraith/armed/cast_down,missing,0,
selene-wraith/armed/cast_diagonal_up,missing,0,
selene-wraith/armed/cast_diagonal_down,missing,0,
selene-wraith/armed/pickup,missing,0,
selene-wraith/armed/taunt,missing,0,
selene-wraith/armed/idle_ready,missing,0,
selene-wraith/armed/duck,missing,0,
selene-wraith/armed/crouch_idle,missing,0,
selene-wraith/armed/crouch_walk,missing,0,
selene-wraith/armed/hurt_crouch,missing,0,
selene-wraith/armed/hurt_air,missing,0,
selene-wraith/armed/hurt_back,missing,0,
selene-wraith/armed/shield_hit,missing,0,
selene-wraith/armed/shield_break,missing,0,
selene-wraith/armed/stun,missing,0,
selene-wraith/armed/frozen,missing,0,
selene-wraith/armed/burning,missing,0,
selene-wraith/armed/grabbed,missing,0,
selene-wraith/armed/ledge_release,missing,0,
selene-wraith/armed/defeat,missing,0,
selene-wraith/armed/stand_up,missing,0,
rusk-emberjaw/unarmed/idle,missing,0,
rusk-emberjaw/unarmed/run,missing,0,
rusk-emberjaw/unarmed/jump,missing,0,
rusk-emberjaw/unarmed/fall,missing,0,
rusk-emberjaw/unarmed/land,missing,0,
rusk-emberjaw/unarmed/opener,missing,0,
rusk-emberjaw/unarmed/launcher,missing,0,
rusk-emberjaw/unarmed/aerial,missing,0,
rusk-emberjaw/unarmed/finisher,missing,0,
rusk-emberjaw/unarmed/shield,missing,0,
rusk-emberjaw/unarmed/dodge,missing,0,
rusk-emberjaw/unarmed/grab,missing,0,
rusk-emberjaw/unarmed/throw_forward,missing,0,
rusk-emberjaw/unarmed/tactical,missing,0,
rusk-emberjaw/unarmed/ultimate,missing,0,
rusk-emberjaw/unarmed/walk,missing,0,
rusk-emberjaw/unarmed/dash,missing,0,
rusk-emberjaw/unarmed/brake,missing,0,
rusk-emberjaw/unarmed/double_jump,missing,0,
rusk-emberjaw/unarmed/fast_fall,missing,0,
rusk-emberjaw/unarmed/air_dodge,missing,0,
rusk-emberjaw/unarmed/recovery,missing,0,
rusk-emberjaw/unarmed/wall_cling,missing,0,
rusk-emberjaw/unarmed/ledge_hang,missing,0,
rusk-emberjaw/unarmed/ledge_climb,missing,0,
rusk-emberjaw/unarmed/hurt,missing,0,
rusk-emberjaw/unarmed/tumble,missing,0,
rusk-emberjaw/unarmed/get_up,missing,0,
rusk-emberjaw/unarmed/ko,missing,0,
rusk-emberjaw/unarmed/respawn,missing,0,
rusk-emberjaw/unarmed/victory,missing,0,
rusk-emberjaw/unarmed/neutral_air,missing,0,
rusk-emberjaw/unarmed/back_air,missing,0,
rusk-emberjaw/unarmed/up_air,missing,0,
rusk-emberjaw/unarmed/down_air,missing,0,
rusk-emberjaw/unarmed/up_smash,missing,0,
rusk-emberjaw/unarmed/down_smash,missing,0,
rusk-emberjaw/unarmed/throw_back,missing,0,
rusk-emberjaw/unarmed/throw_up,missing,0,
rusk-emberjaw/unarmed/throw_down,missing,0,
rusk-emberjaw/unarmed/cast_forward,missing,0,
rusk-emberjaw/unarmed/cast_up,missing,0,
rusk-emberjaw/unarmed/cast_down,missing,0,
rusk-emberjaw/unarmed/cast_diagonal_up,missing,0,
rusk-emberjaw/unarmed/cast_diagonal_down,missing,0,
rusk-emberjaw/unarmed/pickup,missing,0,
rusk-emberjaw/unarmed/taunt,missing,0,
rusk-emberjaw/unarmed/idle_ready,missing,0,
rusk-emberjaw/unarmed/duck,missing,0,
rusk-emberjaw/unarmed/crouch_idle,missing,0,
rusk-emberjaw/unarmed/crouch_walk,missing,0,
rusk-emberjaw/unarmed/hurt_crouch,missing,0,
rusk-emberjaw/unarmed/hurt_air,missing,0,
rusk-emberjaw/unarmed/hurt_back,missing,0,
rusk-emberjaw/unarmed/shield_hit,missing,0,
rusk-emberjaw/unarmed/shield_break,missing,0,
rusk-emberjaw/unarmed/stun,missing,0,
rusk-emberjaw/unarmed/frozen,missing,0,
rusk-emberjaw/unarmed/burning,missing,0,
rusk-emberjaw/unarmed/grabbed,missing,0,
rusk-emberjaw/unarmed/ledge_release,missing,0,
rusk-emberjaw/unarmed/defeat,missing,0,
rusk-emberjaw/unarmed/stand_up,missing,0,
rusk-emberjaw/armed/idle,missing,0,
rusk-emberjaw/armed/run,missing,0,
rusk-emberjaw/armed/jump,missing,0,
rusk-emberjaw/armed/fall,missing,0,
rusk-emberjaw/armed/land,missing,0,
rusk-emberjaw/armed/opener,missing,0,
rusk-emberjaw/armed/launcher,missing,0,
rusk-emberjaw/armed/aerial,missing,0,
rusk-emberjaw/armed/finisher,missing,0,
rusk-emberjaw/armed/shield,missing,0,
rusk-emberjaw/armed/dodge,missing,0,
rusk-emberjaw/armed/grab,missing,0,
rusk-emberjaw/armed/throw_forward,missing,0,
rusk-emberjaw/armed/tactical,missing,0,
rusk-emberjaw/armed/ultimate,missing,0,
rusk-emberjaw/armed/walk,missing,0,
rusk-emberjaw/armed/dash,missing,0,
rusk-emberjaw/armed/brake,missing,0,
rusk-emberjaw/armed/double_jump,missing,0,
rusk-emberjaw/armed/fast_fall,missing,0,
rusk-emberjaw/armed/air_dodge,missing,0,
rusk-emberjaw/armed/recovery,missing,0,
rusk-emberjaw/armed/wall_cling,missing,0,
rusk-emberjaw/armed/ledge_hang,missing,0,
rusk-emberjaw/armed/ledge_climb,missing,0,
rusk-emberjaw/armed/hurt,missing,0,
rusk-emberjaw/armed/tumble,missing,0,
rusk-emberjaw/armed/get_up,missing,0,
rusk-emberjaw/armed/ko,missing,0,
rusk-emberjaw/armed/respawn,missing,0,
rusk-emberjaw/armed/victory,missing,0,
rusk-emberjaw/armed/neutral_air,missing,0,
rusk-emberjaw/armed/back_air,missing,0,
rusk-emberjaw/armed/up_air,missing,0,
rusk-emberjaw/armed/down_air,missing,0,
rusk-emberjaw/armed/up_smash,missing,0,
rusk-emberjaw/armed/down_smash,missing,0,
rusk-emberjaw/armed/throw_back,missing,0,
rusk-emberjaw/armed/throw_up,missing,0,
rusk-emberjaw/armed/throw_down,missing,0,
rusk-emberjaw/armed/cast_forward,missing,0,
rusk-emberjaw/armed/cast_up,missing,0,
rusk-emberjaw/armed/cast_down,missing,0,
rusk-emberjaw/armed/cast_diagonal_up,missing,0,
rusk-emberjaw/armed/cast_diagonal_down,missing,0,
rusk-emberjaw/armed/pickup,missing,0,
rusk-emberjaw/armed/taunt,missing,0,
rusk-emberjaw/armed/idle_ready,missing,0,
rusk-emberjaw/armed/duck,missing,0,
rusk-emberjaw/armed/crouch_idle,missing,0,
rusk-emberjaw/armed/crouch_walk,missing,0,
rusk-emberjaw/armed/hurt_crouch,missing,0,
rusk-emberjaw/armed/hurt_air,missing,0,
rusk-emberjaw/armed/hurt_back,missing,0,
rusk-emberjaw/armed/shield_hit,missing,0,
rusk-emberjaw/armed/shield_break,missing,0,
rusk-emberjaw/armed/stun,missing,0,
rusk-emberjaw/armed/frozen,missing,0,
rusk-emberjaw/armed/burning,missing,0,
rusk-emberjaw/armed/grabbed,missing,0,
rusk-emberjaw/armed/ledge_release,missing,0,
rusk-emberjaw/armed/defeat,missing,0,
rusk-emberjaw/armed/stand_up,missing,0,
father-thorne/unarmed/idle,missing,0,
father-thorne/unarmed/run,missing,0,
father-thorne/unarmed/jump,missing,0,
father-thorne/unarmed/fall,missing,0,
father-thorne/unarmed/land,missing,0,
father-thorne/unarmed/opener,missing,0,
father-thorne/unarmed/launcher,missing,0,
father-thorne/unarmed/aerial,missing,0,
father-thorne/unarmed/finisher,missing,0,
father-thorne/unarmed/shield,missing,0,
father-thorne/unarmed/dodge,missing,0,
father-thorne/unarmed/grab,missing,0,
father-thorne/unarmed/throw_forward,missing,0,
father-thorne/unarmed/tactical,missing,0,
father-thorne/unarmed/ultimate,missing,0,
father-thorne/unarmed/walk,missing,0,
father-thorne/unarmed/dash,missing,0,
father-thorne/unarmed/brake,missing,0,
father-thorne/unarmed/double_jump,missing,0,
father-thorne/unarmed/fast_fall,missing,0,
father-thorne/unarmed/air_dodge,missing,0,
father-thorne/unarmed/recovery,missing,0,
father-thorne/unarmed/wall_cling,missing,0,
father-thorne/unarmed/ledge_hang,missing,0,
father-thorne/unarmed/ledge_climb,missing,0,
father-thorne/unarmed/hurt,missing,0,
father-thorne/unarmed/tumble,missing,0,
father-thorne/unarmed/get_up,missing,0,
father-thorne/unarmed/ko,missing,0,
father-thorne/unarmed/respawn,missing,0,
father-thorne/unarmed/victory,missing,0,
father-thorne/unarmed/neutral_air,missing,0,
father-thorne/unarmed/back_air,missing,0,
father-thorne/unarmed/up_air,missing,0,
father-thorne/unarmed/down_air,missing,0,
father-thorne/unarmed/up_smash,missing,0,
father-thorne/unarmed/down_smash,missing,0,
father-thorne/unarmed/throw_back,missing,0,
father-thorne/unarmed/throw_up,missing,0,
father-thorne/unarmed/throw_down,missing,0,
father-thorne/unarmed/cast_forward,missing,0,
father-thorne/unarmed/cast_up,missing,0,
father-thorne/unarmed/cast_down,missing,0,
father-thorne/unarmed/cast_diagonal_up,missing,0,
father-thorne/unarmed/cast_diagonal_down,missing,0,
father-thorne/unarmed/pickup,missing,0,
father-thorne/unarmed/taunt,missing,0,
father-thorne/unarmed/idle_ready,missing,0,
father-thorne/unarmed/duck,missing,0,
father-thorne/unarmed/crouch_idle,missing,0,
father-thorne/unarmed/crouch_walk,missing,0,
father-thorne/unarmed/hurt_crouch,missing,0,
father-thorne/unarmed/hurt_air,missing,0,
father-thorne/unarmed/hurt_back,missing,0,
father-thorne/unarmed/shield_hit,missing,0,
father-thorne/unarmed/shield_break,missing,0,
father-thorne/unarmed/stun,missing,0,
father-thorne/unarmed/frozen,missing,0,
father-thorne/unarmed/burning,missing,0,
father-thorne/unarmed/grabbed,missing,0,
father-thorne/unarmed/ledge_release,missing,0,
father-thorne/unarmed/defeat,missing,0,
father-thorne/unarmed/stand_up,missing,0,
father-thorne/armed/idle,missing,0,
father-thorne/armed/run,missing,0,
father-thorne/armed/jump,missing,0,
father-thorne/armed/fall,missing,0,
father-thorne/armed/land,missing,0,
father-thorne/armed/opener,missing,0,
father-thorne/armed/launcher,missing,0,
father-thorne/armed/aerial,missing,0,
father-thorne/armed/finisher,missing,0,
father-thorne/armed/shield,missing,0,
father-thorne/armed/dodge,missing,0,
father-thorne/armed/grab,missing,0,
father-thorne/armed/throw_forward,missing,0,
father-thorne/armed/tactical,missing,0,
father-thorne/armed/ultimate,missing,0,
father-thorne/armed/walk,missing,0,
father-thorne/armed/dash,missing,0,
father-thorne/armed/brake,missing,0,
father-thorne/armed/double_jump,missing,0,
father-thorne/armed/fast_fall,missing,0,
father-thorne/armed/air_dodge,missing,0,
father-thorne/armed/recovery,missing,0,
father-thorne/armed/wall_cling,missing,0,
father-thorne/armed/ledge_hang,missing,0,
father-thorne/armed/ledge_climb,missing,0,
father-thorne/armed/hurt,missing,0,
father-thorne/armed/tumble,missing,0,
father-thorne/armed/get_up,missing,0,
father-thorne/armed/ko,missing,0,
father-thorne/armed/respawn,missing,0,
father-thorne/armed/victory,missing,0,
father-thorne/armed/neutral_air,missing,0,
father-thorne/armed/back_air,missing,0,
father-thorne/armed/up_air,missing,0,
father-thorne/armed/down_air,missing,0,
father-thorne/armed/up_smash,missing,0,
father-thorne/armed/down_smash,missing,0,
father-thorne/armed/throw_back,missing,0,
father-thorne/armed/throw_up,missing,0,
father-thorne/armed/throw_down,missing,0,
father-thorne/armed/cast_forward,missing,0,
father-thorne/armed/cast_up,missing,0,
father-thorne/armed/cast_down,missing,0,
father-thorne/armed/cast_diagonal_up,missing,0,
father-thorne/armed/cast_diagonal_down,missing,0,
father-thorne/armed/pickup,missing,0,
father-thorne/armed/taunt,missing,0,
father-thorne/armed/idle_ready,missing,0,
father-thorne/armed/duck,missing,0,
father-thorne/armed/crouch_idle,missing,0,
father-thorne/armed/crouch_walk,missing,0,
father-thorne/armed/hurt_crouch,missing,0,
father-thorne/armed/hurt_air,missing,0,
father-thorne/armed/hurt_back,missing,0,
father-thorne/armed/shield_hit,missing,0,
father-thorne/armed/shield_break,missing,0,
father-thorne/armed/stun,missing,0,
father-thorne/armed/frozen,missing,0,
father-thorne/armed/burning,missing,0,
father-thorne/armed/grabbed,missing,0,
father-thorne/armed/ledge_release,missing,0,
father-thorne/armed/defeat,missing,0,
father-thorne/armed/stand_up,missing,0,
